ID,Description
1,"Neon-pink sunset reflecting over a perfectly still, frozen lake."
2,"A dense forest where the trees grow upside down, roots reaching for a teal sky."
3,"A lone desert cactus wearing a hand-knitted woolly sweater."
4,"Fireflies illuminating an abandoned stone bridge at midnight."
5,"A waterfall made of liquid gold cascading into a crystal basin."
6,"A field of giant sunflowers that track the moon instead of the sun."
7,"A misty mountain peak shaped like a sleeping dragon covered in snow."
8,"A coral reef glowing with vibrant bioluminescence in the midnight zone."
9,"A thunderstorm where the lightning bolts are shimmering iridescent ribbons."
10,"A quiet meadow filled with delicate, hand-blown glass poppies."
11,"An autumn forest where the leaves are shades of metallic silver and copper."
12,"A canyon where the rock walls are striped like a vibrant jawbreaker."
13,"A cyberpunk street market selling holographic memories in jars."
14,"A rainy London street where the puddles reflect a Victorian-era city instead of the modern one."
15,"A futuristic library where books float in mid-air, waiting to be plucked."
16,"An alleyway covered in graffiti that moves and shifts when no one is looking."
17,"A train station platform on a planet with three distinct moons in the sky."
18,"A cozy coffee shop built entirely inside a hollowed-out giant redwood tree."
19,"A skyscraper made of reflective black obsidian with no visible windows."
20,"A crowded bazaar in a city floating on a sea of clouds."
21,"An abandoned carnival being slowly reclaimed by ivy and wild roses."
22,"A bridge made of woven light connecting two high-rise apartments."
23,"A subterranean subway station lit by massive jars of glowing mushrooms."
24,"A futuristic greenhouse where the plants are half-organic and half-circuitry."
25,"An astronaut planting a vegetable garden on a red-dust asteroid."
26,"A ringside view of a new planet being born from a colorful nebula."
27,"A massive space station shaped like a giant DNA double helix."
28,"A robot sitting on a cliffside, painting a portrait of a sunset."
29,"A derelict spaceship overgrown with alien purple moss and vines."
30,"A binary star system casting two different colored shadows on the ground."
31,"A fleet of starships launching from a massive subterranean hangar."
32,"A holographic map of the galaxy projected in a pitch-black room."
33,"A space elevator stretching from a tropical island into a violet sky."
34,"A portal opening in a vacuum, revealing a lush, prehistoric jungle."
35,"A mechanical moon with visible gears rotating across its surface."
36,"A chess set where the pieces are living, miniature knights and queens."
37,"A clock tower where the gears are made of flowing water instead of metal."
38,"A giant ancient turtle carrying a bustling medieval village on its shell."
39,"A staircase made of solidified clouds leading to a floating palace."
40,"A phoenix rising from the ashes of a burnt-down library."
41,"A person blowing bubbles that contain tiny, trapped miniature worlds."
42,"A forest where the leaves are made of rich velvet and silk."
43,"A lighthouse that shines a beam of darkness into a bright, sunny day."
44,"A mirror that shows the viewer's shadow as a completely different person."
45,"A magical tree that grows antique brass keys instead of fruit."
46,"A river that flows upward toward the top of a mountain."
47,"A dragon made entirely of shifting desert sands."
48,"A teapot pouring out a stream of tiny, sparkling stars."
49,"An extreme close-up of a peacock feather’s iridescent eye."
50,"Swirling ink drops in a glass of milk, forming mock galaxies."
51,"A macro shot of a single snowflake melting on a warm fingertip."
52,"Geometric patterns of frost on a windowpane in the early morning."
53,"The internal crystalline structure of a geode cracked wide open."
54,"A splash of coffee captured at ultra-high speed, frozen in time."
55,"The intricate, interlocking gears of a vintage gold pocket watch."
56,"A drop of oil on water creating a swirling rainbow oil slick."
57,"The texture of a rusted iron bolt viewed under a microscope."
58,"An elderly couple dancing on a city rooftop during a summer rain."
59,"A child trying to catch the moon with a butterfly net."
60,"A street musician playing a violin made of transparent glass."
61,"A campfire on a beach where the smoke forms shapes of legendary stories."
62,"A baker pulling a loaf of bread from the oven shaped like a sleeping cat."
63,"A stone giant sitting peacefully by a river, covered in soft green moss."
64,"A grand piano abandoned in the middle of a vast, white salt flat."